Age Group Ten,SUM([Deaths]) / TOTAL(SUM([Deaths])),Deaths,Rates
80,0.528627451,674,1089.504227082
70-79,0.275294118,351,268.096514745
60-69,0.131764706,168,81.276033730
50-59,0.039215686,50,23.979090233
40-49,0.019607843,25,11.807434906
30-39,0.003921569,5,2.145075764
18-29,0.001568627,2,0.699210242
<18,0,0,0