Age Group Ten,SUM([Deaths]) / TOTAL(SUM([Deaths])),Deaths,Rates
80,0.510181618,927,1498.472431017
70-79,0.289488167,526,401.762868251
60-69,0.133186571,242,117.076191444
50-59,0.040176114,73,35.009471741
40-49,0.018712163,34,16.058111472
30-39,0.005503577,10,4.290151528
18-29,0.002751789,5,1.748025605
<18,0,0,0