Age Group Ten,SUM([Deaths]) / TOTAL(SUM([Deaths])),Deaths,Rates
80,0.561181435,266,429.982380421
70-79,0.248945148,118,90.129312649
60-69,0.128691983,61,29.510940818
50-59,0.037974684,18,8.632472484
40-49,0.018987342,9,4.250676566
30-39,0.004219409,2,0.858030306
18-29,0,0,0
<18,0,0,0