Age Group Ten,SUM([Deaths]) / TOTAL(SUM([Deaths])),Deaths,Rates
80,0.511518325,977,1579.296186735
70-79,0.288481675,551,420.858061609
60-69,0.132984293,254,122.881622424
50-59,0.040314136,77,36.927798959
40-49,0.018324607,35,16.530408868
30-39,0.005235602,10,4.290151528
18-29,0.003141361,6,2.097630726
<18,0,0,0