Age Group Ten,SUM([Deaths]) / TOTAL(SUM([Deaths])),Deaths,Rates
80,0.544715447,335,541.519163312
70-79,0.248780488,153,116.862583351
60-69,0.138211382,85,41.121802780
50-59,0.035772358,22,10.550799703
40-49,0.022764228,14,6.612163547
30-39,0.008130081,5,2.145075764
18-29,0.001626016,1,0.349605121
<18,0,0,0