Age Group Ten,% of Total Deaths,Deaths,Rates
80+,61.904761905%,78,126.085058921
70-79,21.428571429%,27,20.622808827
60-69,11.904761905%,15,7.256788726
50-59,3.174603175%,4,1.918327219
40-49,1.587301587%,2,0.944594792
30-39,0%,0,0
18-29,0%,0,0
<18,0%,0,0
