Age Group Ten,SUM([Deaths]) / TOTAL(SUM([Deaths])),Deaths,Rates
80,0.544423440,288,465.544832937
70-79,0.258979206,137,104.641659601
60-69,0.134215501,71,34.348799969
50-59,0.035916824,19,9.112054289
40-49,0.020793951,11,5.195271358
30-39,0.003780718,2,0.858030306
18-29,0.001890359,1,0.349605121
<18,0,0,0