Age Group Ten,% of Total Deaths,Deaths,Rates
80+,63.366336634%,64,106.892923354
70-79,20.792079208%,21,16.954078667
60-69,12.871287129%,13,6.474522753
50-59,2.970297030%,3,1.450249201
40-49,0%,0,0
30-39,0%,0,0
18-29,0%,0,0
<18,0%,0,0
