Age Group Ten,SUM([Deaths]) / TOTAL(SUM([Deaths])),Deaths,Rates
80,0.518713066,790,1277.015340349
70-79,0.281680893,429,327.673518022
60-69,0.133946159,204,98.692326672
50-59,0.039395929,60,28.774908280
40-49,0.020354563,31,14.641219283
30-39,0.004596192,7,3.003106070
18-29,0.001313198,2,0.699210242
<18,0,0,0