Age Group Ten,% of Total Deaths,Deaths,Rates
80+,63%,63,105.222721427
70-79,20%,20,16.146741588
60-69,14%,14,6.972562965
50-59,3%,3,1.450249201
40-49,0%,0,0
30-39,0%,0,0
18-29,0%,0,0
<18,0%,0,0
