Age Group Ten,% of Total Deaths,Deaths,Rates
80+,54.6875%,35,58.457067459
70-79,26.5625%,17,13.724730349
60-69,15.625%,10,4.980402118
50-59,3.125%,2,0.966832801
40-49,0%,0,0
30-39,0%,0,0
18-29,0%,0,0
<18,0%,0,0
