Age Group Ten,SUM([Deaths]) / TOTAL(SUM([Deaths])),Deaths,Rates
80,0.508596783,917,1482.307679873
70-79,0.290072102,523,399.471445048
60-69,0.133666112,241,116.592405529
50-59,0.040488075,73,35.009471741
40-49,0.018857460,34,16.058111472
30-39,0.005546312,10,4.290151528
18-29,0.002773156,5,1.748025605
<18,0,0,0