Age Group Ten,SUM([Deaths]) / TOTAL(SUM([Deaths])),Deaths,Rates
80,0.533553355,485,783.990430467
70-79,0.272827283,248,189.424318111
60-69,0.124312431,113,54.667808401
50-59,0.040704070,37,17.744526773
40-49,0.019801980,18,8.501353132
30-39,0.006600660,6,2.574090917
18-29,0.002200220,2,0.699210242
<18,0,0,0