Age Group Ten,SUM([Deaths]) / TOTAL(SUM([Deaths])),Deaths,Rates
80,0.517902813,810,1309.344842636
70-79,0.283248082,443,338.366826302
60-69,0.131713555,206,99.659898502
50-59,0.041560102,65,31.172817303
40-49,0.019820972,31,14.641219283
30-39,0.004475703,7,3.003106070
18-29,0.001278772,2,0.699210242
<18,0,0,0