Age Group Ten,SUM([Deaths]) / TOTAL(SUM([Deaths])),Deaths,Rates
80,0.514018692,825,1333.591969352
70-79,0.285358255,458,349.823942317
60-69,0.134579439,216,104.497757652
50-59,0.041744548,67,32.131980913
40-49,0.018691589,30,14.168921887
30-39,0.004361371,7,3.003106070
18-29,0.001246106,2,0.699210242
<18,0,0,0