Age Group Ten,SUM([Deaths]) / TOTAL(SUM([Deaths])),Deaths,Rates
80,0.514036182,824,1331.975494237
70-79,0.285090455,457,349.060134583
60-69,0.134747349,216,104.497757652
50-59,0.041172801,66,31.652399108
40-49,0.019338740,31,14.641219283
30-39,0.004366812,7,3.003106070
18-29,0.001247661,2,0.699210242
<18,0,0,0