Age Group Ten,SUM([Deaths]) / TOTAL(SUM([Deaths])),Deaths,Rates
80,0.511161992,893,1443.512277128
70-79,0.287349742,502,383.431482627
60-69,0.135661133,237,114.657261868
50-59,0.040068689,70,33.570726327
40-49,0.018889525,33,15.585814075
30-39,0.004579279,8,3.432121223
18-29,0.002289639,4,1.398420484
<18,0,0,0