Age Group Ten,SUM([Deaths]) / TOTAL(SUM([Deaths])),Deaths,Rates
80,0.542168675,360,581.931041172
70-79,0.257530120,171,130.611122568
60-69,0.134036145,89,43.056946440
50-59,0.036144578,24,11.509963312
40-49,0.021084337,14,6.612163547
30-39,0.007530120,5,2.145075764
18-29,0.001506024,1,0.349605121
<18,0,0,0