Age Group Ten,SUM([Deaths]) / TOTAL(SUM([Deaths])),Deaths,Rates
80,0.530208333,509,822.785833212
70-79,0.275,264,201.645241860
60-69,0.126041667,121,58.538095722
50-59,0.038541667,37,17.744526773
40-49,0.021875,21,9.918245321
30-39,0.00625,6,2.574090917
18-29,0.002083333,2,0.699210242
<18,0,0,0