Age Group Ten,SUM([Deaths]) / TOTAL(SUM([Deaths])),Deaths,Rates
80,0.511565358,951,1537.267833762
70-79,0.288327058,536,409.400945594
60-69,0.133405056,248,119.978906934
50-59,0.039806347,74,35.489053545
40-49,0.018289403,34,16.058111472
30-39,0.005379236,10,4.290151528
18-29,0.003227542,6,2.097630726
<18,0,0,0