Age Group Ten,SUM([Deaths]) / TOTAL(SUM([Deaths])),Deaths,Rates
80,0.510046368,990,1600.310363222
70-79,0.291087069,565,431.551369889
60-69,0.132405976,257,124.332980170
50-59,0.040185471,78,37.407380764
40-49,0.018031942,35,16.530408868
30-39,0.005151984,10,4.290151528
18-29,0.003091190,6,2.097630726
<18,0,0,0