Age Group Ten,SUM([Deaths]) / TOTAL(SUM([Deaths])),Deaths,Rates
80,0.539655172,313,505.956710796
70-79,0.251724138,146,111.515929210
60-69,0.139655172,81,39.186659120
50-59,0.037931034,22,10.550799703
40-49,0.022413793,13,6.139866151
30-39,0.006896552,4,1.716060611
18-29,0.001724138,1,0.349605121
<18,0,0,0