Age Group Ten,SUM([Deaths]) / TOTAL(SUM([Deaths])),Deaths,Rates
80,0.511640212,967,1563.131435592
70-79,0.289417989,547,417.802830671
60-69,0.131746032,249,120.462692849
50-59,0.040211640,76,36.448217155
40-49,0.018518519,35,16.530408868
30-39,0.005291005,10,4.290151528
18-29,0.003174603,6,2.097630726
<18,0,0,0