Age Group Ten,% of Total Deaths,Deaths,Rates
80+,65.882352941%,56,93.531307935
70-79,20%,17,13.724730349
60-69,11.764705882%,10,4.980402118
50-59,2.352941176%,2,0.966832801
40-49,0%,0,0
30-39,0%,0,0
18-29,0%,0,0
<18,0%,0,0
