Age Group Ten,SUM([Deaths]) / TOTAL(SUM([Deaths])),Deaths,Rates
80,0.510980182,954,1542.117259105
70-79,0.288698447,539,411.692368797
60-69,0.133904660,250,120.946478764
50-59,0.039635779,74,35.489053545
40-49,0.018211034,34,16.058111472
30-39,0.005356186,10,4.290151528
18-29,0.003213712,6,2.097630726
<18,0,0,0