Age Group Ten,SUM([Deaths]) / TOTAL(SUM([Deaths])),Deaths,Rates
80,0.528064993,715,1155.779706771
70-79,0.272525849,369,281.845053963
60-69,0.133677991,181,87.565250625
50-59,0.039881832,54,25.897417452
40-49,0.020679468,28,13.224327094
30-39,0.003692762,5,2.145075764
18-29,0.001477105,2,0.699210242
<18,0,0,0