Age Group Ten,SUM([Deaths]) / TOTAL(SUM([Deaths])),Deaths,Rates
80,0.533180778,466,753.277403294
70-79,0.271167048,237,181.022433033
60-69,0.125858124,110,53.216450656
50-59,0.041189931,36,17.264944968
40-49,0.019450801,17,8.029055736
30-39,0.006864989,6,2.574090917
18-29,0.002288330,2,0.699210242
<18,0,0,0