Age Group Ten,SUM([Deaths]) / TOTAL(SUM([Deaths])),Deaths,Rates
80,0.544256121,289,467.161308052
70-79,0.259887006,138,105.405467336
60-69,0.133709981,71,34.348799969
50-59,0.035781544,19,9.112054289
40-49,0.020715631,11,5.195271358
30-39,0.003766478,2,0.858030306
18-29,0.001883239,1,0.349605121
<18,0,0,0