Age Group Ten,SUM([Deaths]) / TOTAL(SUM([Deaths])),Deaths,Rates
80,0.542974079,398,643.357095518
70-79,0.260572988,191,145.887277255
60-69,0.132332879,97,46.927233761
50-59,0.036834925,27,12.948708726
40-49,0.019099591,14,6.612163547
30-39,0.006821282,5,2.145075764
18-29,0.001364256,1,0.349605121
<18,0,0,0