Age Group Ten,SUM([Deaths]) / TOTAL(SUM([Deaths])),Deaths,Rates
80,0.509803922,988,1597.077412993
70-79,0.290505676,563,430.023754421
60-69,0.133126935,258,124.816766085
50-59,0.040247678,78,37.407380764
40-49,0.018059856,35,16.530408868
30-39,0.005159959,10,4.290151528
18-29,0.003095975,6,2.097630726
<18,0,0,0