Age Group Ten,% of Total Deaths,Deaths,Rates
80+,61.481481481%,83,134.167434492
70-79,21.481481481%,29,22.150424295
60-69,11.851851852%,16,7.740574641
50-59,3.703703704%,5,2.397909023
40-49,1.481481481%,2,0.944594792
30-39,0%,0,0
18-29,0%,0,0
<18,0%,0,0
