Age Group Ten,SUM([Deaths]) / TOTAL(SUM([Deaths])),Deaths,Rates
80,0.510698198,907,1466.142928730
70-79,0.288851351,513,391.833367705
60-69,0.134009009,238,115.141047784
50-59,0.041103604,73,35.009471741
40-49,0.018581081,33,15.585814075
30-39,0.004504505,8,3.432121223
18-29,0.002252252,4,1.398420484
<18,0,0,0