Age Group Ten,% of Total Deaths,Deaths,Rates
80+,61.344537815%,73,118.002683349
70-79,21.008403361%,25,19.095193358
60-69,12.605042017%,15,7.256788726
50-59,3.361344538%,4,1.918327219
40-49,1.680672269%,2,0.944594792
30-39,0%,0,0
18-29,0%,0,0
<18,0%,0,0
