Age Group Ten,% of Total Deaths,Deaths,Rates
80+,65.957446809%,62,103.552519500
70-79,20.212765957%,19,15.339404508
60-69,11.702127660%,11,5.478442329
50-59,2.127659574%,2,0.966832801
40-49,0%,0,0
30-39,0%,0,0
18-29,0%,0,0
<18,0%,0,0
