Age Group Ten,SUM([Deaths]) / TOTAL(SUM([Deaths])),Deaths,Rates
80,0.511601585,904,1461.293503387
70-79,0.287492926,508,388.014329033
60-69,0.134691568,238,115.141047784
50-59,0.040747029,72,34.529889936
40-49,0.018675722,33,15.585814075
30-39,0.004527448,8,3.432121223
18-29,0.002263724,4,1.398420484
<18,0,0,0