Age Group Ten,% of Total Deaths,Deaths,Rates
80,61.875%,244,160.031036322
70-79,21.25%,104,25.969462967
60-69,11.25%,51,8.708146471
50-59,3.125%,14,2.397909023
40-49,1.875%,8,1.416892189
30-39,0.625%,2,0.429015153
18-29,0%,0,0
<18,0%,0,0