Age Group Ten,SUM([Deaths]) / TOTAL(SUM([Deaths])),Deaths,Rates
80,0.560574949,273,441.297706222
70-79,0.250513347,122,93.184543587
60-69,0.129363450,63,30.478512649
50-59,0.036960986,18,8.632472484
40-49,0.018480493,9,4.250676566
30-39,0.004106776,2,0.858030306
18-29,0,0,0
<18,0,0,0