Age Group Ten,SUM([Deaths]) / TOTAL(SUM([Deaths])),Deaths,Rates
80,0.545794393,292,472.010733395
70-79,0.259813084,139,106.169275070
60-69,0.132710280,71,34.348799969
50-59,0.035514019,19,9.112054289
40-49,0.020560748,11,5.195271358
30-39,0.003738318,2,0.858030306
18-29,0.001869159,1,0.349605121
<18,0,0,0