Age Group Ten,SUM([Deaths]) / TOTAL(SUM([Deaths])),Deaths,Rates
80,0.514373089,841,1359.455571181
70-79,0.286238532,468,357.462019660
60-69,0.133333333,218,105.465329482
50-59,0.041590214,68,32.611562717
40-49,0.018960245,31,14.641219283
30-39,0.004281346,7,3.003106070
18-29,0.001223242,2,0.699210242
<18,0,0,0