Age Group Ten,Measure Status1,Deaths,Rates
<18,<18,0,0
18-29,18-29,0,0
30-39,30-39,0,0
40-49,40-49,2,0.944594792
50-59,50-59,5,2.397909023
60-69,60-69,18,8.708146471
70-79,70-79,31,23.678039764
80,80,96,155.181610979