Age Group Ten,SUM([Deaths]) / TOTAL(SUM([Deaths])),Deaths,Rates
80,0.545454545,288,465.544832937
70-79,0.259469697,137,104.641659601
60-69,0.132575758,70,33.865014054
50-59,0.035984848,19,9.112054289
40-49,0.020833333,11,5.195271358
30-39,0.003787879,2,0.858030306
18-29,0.001893939,1,0.349605121
<18,0,0,0