Age Group Ten,Deaths 的总计 %,Deaths,Rates
80+,64.94%,50,83.51009637
70-79,20.78%,16,12.91739327
60-69,11.69%,9,4.482361906
50-59,2.60%,2,0.966832801
40-49,0%,0,0
30-39,0%,0,0
18-29,0%,0,0
<18,0%,0,0
