Age Group Ten,SUM([Deaths]) / TOTAL(SUM([Deaths])),Deaths,Rates
80,0.538002981,361,583.547516286
70-79,0.254843517,171,130.611122568
60-69,0.138599106,93,44.992090100
50-59,0.038748137,26,12.469126921
40-49,0.020864382,14,6.612163547
30-39,0.007451565,5,2.145075764
18-29,0.001490313,1,0.349605121
<18,0,0,0