Age Group Ten,SUM([Deaths]) / TOTAL(SUM([Deaths])),Deaths,Rates
80,0.532608696,490,792.072806039
70-79,0.273913043,252,192.479549048
60-69,0.126086957,116,56.119166147
50-59,0.039130435,36,17.264944968
40-49,0.019565217,18,8.501353132
30-39,0.006521739,6,2.574090917
18-29,0.002173913,2,0.699210242
<18,0,0,0