Age Group Ten,% of Total Deaths,Deaths,Rates
80+,65.217391304%,45,75.159086734
70-79,18.840579710%,13,10.495382032
60-69,13.043478261%,9,4.482361906
50-59,2.898550725%,2,0.966832801
40-49,0%,0,0
30-39,0%,0,0
18-29,0%,0,0
<18,0%,0,0
