{"18-40": 7.027800000000001, "41-60": 33.1038, "61-80": 129.39419999999998, ">80": 148.4742}