Age Group Ten,SUM([Deaths]) / TOTAL(SUM([Deaths])),Deaths,Rates
80,0.508431272,995,1608.392738794
70-79,0.291262136,570,435.370408561
60-69,0.133878385,262,126.751909745
50-59,0.040367910,79,37.886962569
40-49,0.017884517,35,16.530408868
30-39,0.005109862,10,4.290151528
18-29,0.003065917,6,2.097630726
<18,0,0,0