Age Group Ten,SUM([Deaths]) / TOTAL(SUM([Deaths])),Deaths,Rates
80,0.510956708,956,1545.350209334
70-79,0.289150187,541,413.219984266
60-69,0.133083912,249,120.462692849
50-59,0.039551042,74,35.489053545
40-49,0.018706574,35,16.530408868
30-39,0.005344735,10,4.290151528
18-29,0.003206841,6,2.097630726
<18,0,0,0