Age Group Ten,SUM([Deaths]) / TOTAL(SUM([Deaths])),Deaths,Rates
80,0.521590130,761,1230.137562032
70-79,0.278958191,407,310.869747867
60-69,0.132967786,194,93.854467521
50-59,0.039067855,57,27.336162866
40-49,0.021247430,31,14.641219283
30-39,0.004797807,7,3.003106070
18-29,0.001370802,2,0.699210242
<18,0,0,0