Age Group Ten,SUM([Deaths]) / TOTAL(SUM([Deaths])),Deaths,Rates
80,0.510960334,979,1582.529136964
70-79,0.289665971,555,423.913292546
60-69,0.132567850,254,122.881622424
50-59,0.040187891,77,36.927798959
40-49,0.018267223,35,16.530408868
30-39,0.005219207,10,4.290151528
18-29,0.003131524,6,2.097630726
<18,0,0,0