Age Group Ten,SUM([Deaths]) / TOTAL(SUM([Deaths])),Deaths,Rates
80,0.511441648,894,1445.128752243
70-79,0.287185355,502,383.431482627
60-69,0.135583524,237,114.657261868
50-59,0.040045767,70,33.570726327
40-49,0.018878719,33,15.585814075
30-39,0.004576659,8,3.432121223
18-29,0.002288330,4,1.398420484
<18,0,0,0