Age Group Ten,% of Total Deaths,Deaths,Rates
80+,63.265306122%,62,103.552519500
70-79,20.408163265%,20,16.146741588
60-69,13.265306122%,13,6.474522753
50-59,3.061224490%,3,1.450249201
40-49,0%,0,0
30-39,0%,0,0
18-29,0%,0,0
<18,0%,0,0
