Age Group Ten,% of Total Deaths,Deaths,Rates
80+,65.934065934%,60,100.212115645
70-79,20.879120879%,19,15.339404508
60-69,10.989010989%,10,4.980402118
50-59,2.197802198%,2,0.966832801
40-49,0%,0,0
30-39,0%,0,0
18-29,0%,0,0
<18,0%,0,0
