Age Group Ten,SUM([Deaths]) / TOTAL(SUM([Deaths])),Deaths,Rates
80,0.536821705,554,895.527213359
70-79,0.271317829,280,213.866165609
60-69,0.127906977,132,63.859740788
50-59,0.035852713,37,17.744526773
40-49,0.020348837,21,9.918245321
30-39,0.005813953,6,2.574090917
18-29,0.001937984,2,0.699210242
<18,0,0,0