Age Group Ten,SUM([Deaths]) / TOTAL(SUM([Deaths])),Deaths,Rates
80,0.545595054,353,570.615715371
70-79,0.251931994,163,124.500660694
60-69,0.134466770,87,42.089374610
50-59,0.037094281,24,11.509963312
40-49,0.021638331,14,6.612163547
30-39,0.007727975,5,2.145075764
18-29,0.001545595,1,0.349605121
<18,0,0,0