Age Group Ten,SUM([Deaths]) / TOTAL(SUM([Deaths])),Deaths,Rates
80,0.554,277,447.763606679
70-79,0.254,127,97.003582258
60-69,0.13,65,31.446084479
50-59,0.036,18,8.632472484
40-49,0.02,10,4.722973962
30-39,0.004,2,0.858030306
18-29,0.002,1,0.349605121
<18,0,0,0