Age Group Ten,SUM([Deaths]) / TOTAL(SUM([Deaths])),Deaths,Rates
80,0.556910569,274,442.914181336
70-79,0.252032520,124,94.712159055
60-69,0.130081301,64,30.962298564
50-59,0.036585366,18,8.632472484
40-49,0.018292683,9,4.250676566
30-39,0.004065041,2,0.858030306
18-29,0.002032520,1,0.349605121
<18,0,0,0