Age Group Ten,% of Total Deaths,Deaths,Rates
80+,66.292134831%,59,98.541913717
70-79,20.224719101%,18,14.532067429
60-69,11.235955056%,10,4.980402118
50-59,2.247191011%,2,0.966832801
40-49,0%,0,0
30-39,0%,0,0
18-29,0%,0,0
<18,0%,0,0
