Age Group Ten,SUM([Deaths]) / TOTAL(SUM([Deaths])),Deaths,Rates
80,0.511786276,977,1579.296186735
70-79,0.288632792,551,420.858061609
60-69,0.132530120,253,122.397836509
50-59,0.040335254,77,36.927798959
40-49,0.018334206,35,16.530408868
30-39,0.005238345,10,4.290151528
18-29,0.003143007,6,2.097630726
<18,0,0,0