Age Group Ten,SUM([Deaths]) / TOTAL(SUM([Deaths])),Deaths,Rates
80,0.521895190,727,1175.177408144
70-79,0.277817660,387,295.593593181
60-69,0.133524767,186,89.984180201
50-59,0.039483130,55,26.376999257
40-49,0.021536253,30,14.168921887
30-39,0.004307251,6,2.574090917
18-29,0.001435750,2,0.699210242
<18,0,0,0