Age Group Ten,SUM([Deaths]) / TOTAL(SUM([Deaths])),Deaths,Rates
80,0.534078212,478,772.675104667
70-79,0.272625698,244,186.369087173
60-69,0.125139665,112,54.184022486
50-59,0.040223464,36,17.264944968
40-49,0.018994413,17,8.029055736
30-39,0.006703911,6,2.574090917
18-29,0.002234637,2,0.699210242
<18,0,0,0