Age Group Ten,SUM([Deaths]) / TOTAL(SUM([Deaths])),Deaths,Rates
80,0.544303797,344,556.067439342
70-79,0.248417722,157,119.917814288
60-69,0.137658228,87,42.089374610
50-59,0.037974684,24,11.509963312
40-49,0.022151899,14,6.612163547
30-39,0.007911392,5,2.145075764
18-29,0.001582278,1,0.349605121
<18,0,0,0