Age Group Ten,SUM([Deaths]) / TOTAL(SUM([Deaths])),Deaths,Rates
80,0.511990408,854,1380.469747668
70-79,0.287170264,479,365.863904738
60-69,0.135491607,226,109.335616803
50-59,0.040767386,68,32.611562717
40-49,0.018585132,31,14.641219283
30-39,0.004196643,7,3.003106070
18-29,0.001798561,3,1.048815363
<18,0,0,0