Age Group Ten,SUM([Deaths]) / TOTAL(SUM([Deaths])),Deaths,Rates
80,0.530212766,623,1007.063996250
70-79,0.275744681,324,247.473705919
60-69,0.131063830,154,74.503030919
50-59,0.036595745,43,20.622017601
40-49,0.019574468,23,10.862840113
30-39,0.005106383,6,2.574090917
18-29,0.001702128,2,0.699210242
<18,0,0,0