Age Group Ten,SUM([Deaths]) / TOTAL(SUM([Deaths])),Deaths,Rates
80,0.512696493,848,1370.770896982
70-79,0.287182588,475,362.808673801
60-69,0.134220073,222,107.400473143
50-59,0.041112455,68,32.611562717
40-49,0.018742443,31,14.641219283
30-39,0.004232164,7,3.003106070
18-29,0.001813785,3,1.048815363
<18,0,0,0