Age Group Ten,SUM([Deaths]) / TOTAL(SUM([Deaths])),Deaths,Rates
80,0.508457201,992,1603.543313451
70-79,0.291132752,568,433.842793092
60-69,0.133777550,261,126.268123830
50-59,0.040492055,79,37.886962569
40-49,0.017939518,35,16.530408868
30-39,0.005125577,10,4.290151528
18-29,0.003075346,6,2.097630726
<18,0,0,0