Age Group Ten,SUM([Deaths]) / TOTAL(SUM([Deaths])),Deaths,Rates
80,0.547388781,283,457.462457365
70-79,0.261121857,135,103.114044133
60-69,0.129593810,67,32.413656309
50-59,0.034816248,18,8.632472484
40-49,0.021276596,11,5.195271358
30-39,0.003868472,2,0.858030306
18-29,0.001934236,1,0.349605121
<18,0,0,0