Age Group Ten,SUM([Deaths]) / TOTAL(SUM([Deaths])),Deaths,Rates
80,0.531736527,444,717.714950778
70-79,0.271856287,227,173.384355690
60-69,0.126946108,106,51.281306996
50-59,0.040718563,34,16.305781359
40-49,0.019161677,16,7.556758340
30-39,0.007185629,6,2.574090917
18-29,0.002395210,2,0.699210242
<18,0,0,0