Age Group Ten,SUM([Deaths]) / TOTAL(SUM([Deaths])),Deaths,Rates
80,0.530035336,450,727.413801465
70-79,0.272084806,231,176.439586627
60-69,0.128386337,109,52.732664741
50-59,0.040047114,34,16.305781359
40-49,0.020023557,17,8.029055736
30-39,0.007067138,6,2.574090917
18-29,0.002355713,2,0.699210242
<18,0,0,0