Age Group Ten,SUM([Deaths]) / TOTAL(SUM([Deaths])),Deaths,Rates
80,0.560165975,270,436.448280879
70-79,0.248962656,120,91.656928118
60-69,0.130705394,63,30.478512649
50-59,0.037344398,18,8.632472484
40-49,0.018672199,9,4.250676566
30-39,0.004149378,2,0.858030306
18-29,0,0,0
<18,0,0,0