Age Group Ten,SUM([Deaths]) / TOTAL(SUM([Deaths])),Deaths,Rates
80,0.513033175,866,1399.867449041
70-79,0.286137441,483,368.919135675
60-69,0.135071090,228,110.303188633
50-59,0.040284360,68,32.611562717
40-49,0.018957346,32,15.113516679
30-39,0.004146919,7,3.003106070
18-29,0.002369668,4,1.398420484
<18,0,0,0