Age Group Ten,SUM([Deaths]) / TOTAL(SUM([Deaths])),Deaths,Rates
80,0.528006590,641,1036.160548308
70-79,0.277594728,337,257.403206465
60-69,0.130148270,158,76.438174579
50-59,0.037891269,46,22.060763015
40-49,0.019769357,24,11.335137509
30-39,0.004942339,6,2.574090917
18-29,0.001647446,2,0.699210242
<18,0,0,0