Age Group Ten,SUM([Deaths]) / TOTAL(SUM([Deaths])),Deaths,Rates
80,0.529785544,667,1078.188901282
70-79,0.274821287,346,264.277476074
60-69,0.131056394,165,79.824675984
50-59,0.038919778,49,23.499508429
40-49,0.019062748,24,11.335137509
30-39,0.004765687,6,2.574090917
18-29,0.001588562,2,0.699210242
<18,0,0,0