Age Group Ten,SUM([Deaths]) / TOTAL(SUM([Deaths])),Deaths,Rates
80,0.511697660,853,1378.853272554
70-79,0.287342531,479,365.863904738
60-69,0.135572885,226,109.335616803
50-59,0.040791842,68,32.611562717
40-49,0.018596281,31,14.641219283
30-39,0.004199160,7,3.003106070
18-29,0.001799640,3,1.048815363
<18,0,0,0