Age Group Ten,SUM([Deaths]) / TOTAL(SUM([Deaths])),Deaths,Rates
80,0.531223268,621,1003.831046021
70-79,0.275449102,322,245.946090450
60-69,0.130025663,152,73.535459089
50-59,0.036783576,43,20.622017601
40-49,0.019674936,23,10.862840113
30-39,0.005132592,6,2.574090917
18-29,0.001710864,2,0.699210242
<18,0,0,0