Age Group Ten,SUM([Deaths]) / TOTAL(SUM([Deaths])),Deaths,Rates
80,0.534597156,564,911.691964502
70-79,0.272985782,288,219.976627483
60-69,0.129857820,137,66.278670363
50-59,0.035071090,37,17.744526773
40-49,0.019905213,21,9.918245321
30-39,0.005687204,6,2.574090917
18-29,0.001895735,2,0.699210242
<18,0,0,0