Age Group Ten,% of Total Deaths,Deaths,Rates
80+,61.818181818%,68,113.573731064
70-79,21.818181818%,24,19.376089905
60-69,13.636363636%,15,7.470603177
50-59,2.727272727%,3,1.450249201
40-49,0%,0,0
30-39,0%,0,0
18-29,0%,0,0
<18,0%,0,0
