Age Group Ten,SUM([Deaths]) / TOTAL(SUM([Deaths])),Deaths,Rates
80,0.540720961,405,654.672421318
70-79,0.263017356,197,150.470123660
60-69,0.132176235,99,47.894805591
50-59,0.037383178,28,13.428290531
40-49,0.018691589,14,6.612163547
30-39,0.006675567,5,2.145075764
18-29,0.001335113,1,0.349605121
<18,0,0,0