Age Group Ten,SUM([Deaths]) / TOTAL(SUM([Deaths])),Deaths,Rates
80,0.509212730,912,1474.225304301
70-79,0.290340592,520,397.180021845
60-69,0.133445003,239,115.624833699
50-59,0.040759352,73,35.009471741
40-49,0.018983808,34,16.058111472
30-39,0.004466778,8,3.432121223
18-29,0.002791736,5,1.748025605
<18,0,0,0