Age Group Ten,SUM([Deaths]) / TOTAL(SUM([Deaths])),Deaths,Rates
80,0.530150754,633,1023.228747393
70-79,0.276381910,330,252.056552325
60-69,0.131490787,157,75.954388664
50-59,0.036013400,43,20.622017601
40-49,0.019262982,23,10.862840113
30-39,0.005025126,6,2.574090917
18-29,0.001675042,2,0.699210242
<18,0,0,0