Age Group Ten,SUM([Deaths]) / TOTAL(SUM([Deaths])),Deaths,Rates
80,0.537249284,375,606.178167887
70-79,0.259312321,181,138.249199911
60-69,0.137535817,96,46.443447845
50-59,0.037249284,26,12.469126921
40-49,0.020057307,14,6.612163547
30-39,0.007163324,5,2.145075764
18-29,0.001432665,1,0.349605121
<18,0,0,0