Age Group Ten,SUM([Deaths]) / TOTAL(SUM([Deaths])),Deaths,Rates
80,0.539358601,370,598.095792315
70-79,0.255102041,175,133.666353505
60-69,0.138483965,95,45.959661930
50-59,0.037900875,26,12.469126921
40-49,0.020408163,14,6.612163547
30-39,0.007288630,5,2.145075764
18-29,0.001457726,1,0.349605121
<18,0,0,0