Age Group Ten,SUM([Deaths]) / TOTAL(SUM([Deaths])),Deaths,Rates
80,0.512835473,879,1420.881625527
70-79,0.286464411,491,375.029597550
60-69,0.134189032,230,111.270760463
50-59,0.040840140,70,33.570726327
40-49,0.018669778,32,15.113516679
30-39,0.004667445,8,3.432121223
18-29,0.002333722,4,1.398420484
<18,0,0,0