Age Group Ten,SUM([Deaths]) / TOTAL(SUM([Deaths])),Deaths,Rates
80,0.549407115,278,449.380081794
70-79,0.256916996,130,99.295005461
60-69,0.132411067,67,32.413656309
50-59,0.035573123,18,8.632472484
40-49,0.019762846,10,4.722973962
30-39,0.003952569,2,0.858030306
18-29,0.001976285,1,0.349605121
<18,0,0,0