Age Group Ten,SUM([Deaths]) / TOTAL(SUM([Deaths])),Deaths,Rates
80,0.542595020,414,669.220697347
70-79,0.263433814,201,153.525354598
60-69,0.129750983,99,47.894805591
50-59,0.036697248,28,13.428290531
40-49,0.019659240,15,7.084460943
30-39,0.006553080,5,2.145075764
18-29,0.001310616,1,0.349605121
<18,0,0,0