Age Group Ten,% of Total Deaths,Deaths,Rates
80+,67.045454545%,59,98.541913717
70-79,19.318181818%,17,13.724730349
60-69,11.363636364%,10,4.980402118
50-59,2.272727273%,2,0.966832801
40-49,0%,0,0
30-39,0%,0,0
18-29,0%,0,0
<18,0%,0,0
