Age Group Ten,SUM([Deaths]) / TOTAL(SUM([Deaths])),Deaths,Rates
80,0.523480663,758,1225.288136689
70-79,0.277624309,402,307.050709195
60-69,0.132596685,192,92.886895691
50-59,0.038674033,56,26.856581061
40-49,0.021408840,31,14.641219283
30-39,0.004834254,7,3.003106070
18-29,0.001381215,2,0.699210242
<18,0,0,0