Age Group Ten,SUM([Deaths]) / TOTAL(SUM([Deaths])),Deaths,Rates
80,0.510326087,939,1517.870132389
70-79,0.289673913,533,407.109522391
60-69,0.133152174,245,118.527549189
50-59,0.040217391,74,35.489053545
40-49,0.018478261,34,16.058111472
30-39,0.005434783,10,4.290151528
18-29,0.002717391,5,1.748025605
<18,0,0,0