Age Group Ten,SUM([Deaths]) / TOTAL(SUM([Deaths])),Deaths,Rates
80,0.509550562,907,1466.142928730
70-79,0.289887640,516,394.124790908
60-69,0.133707865,238,115.141047784
50-59,0.041011236,73,35.009471741
40-49,0.019101124,34,16.058111472
30-39,0.004494382,8,3.432121223
18-29,0.002247191,4,1.398420484
<18,0,0,0