Age Group Ten,SUM([Deaths]) / TOTAL(SUM([Deaths])),Deaths,Rates
80,0.542495479,300,484.942534310
70-79,0.258589512,143,109.224506007
60-69,0.135623870,75,36.283943629
50-59,0.036166365,20,9.591636093
40-49,0.021699819,12,5.667568755
30-39,0.003616637,2,0.858030306
18-29,0.001808318,1,0.349605121
<18,0,0,0