Age Group Ten,SUM([Deaths]) / TOTAL(SUM([Deaths])),Deaths,Rates
80,0.544728435,341,551.218013999
70-79,0.249201278,156,119.154006553
60-69,0.138977636,87,42.089374610
50-59,0.035143770,22,10.550799703
40-49,0.022364217,14,6.612163547
30-39,0.007987220,5,2.145075764
18-29,0.001597444,1,0.349605121
<18,0,0,0