Age Group Ten,SUM([Deaths]) / TOTAL(SUM([Deaths])),Deaths,Rates
80,0.548449612,283,457.462457365
70-79,0.259689922,134,102.350236398
60-69,0.129844961,67,32.413656309
50-59,0.034883721,18,8.632472484
40-49,0.021317829,11,5.195271358
30-39,0.003875969,2,0.858030306
18-29,0.001937984,1,0.349605121
<18,0,0,0