Age Group Ten,SUM([Deaths]) / TOTAL(SUM([Deaths])),Deaths,Rates
80,0.513043478,885,1430.580476214
70-79,0.286956522,495,378.084828487
60-69,0.134492754,232,112.238332293
50-59,0.04,69,33.091144522
40-49,0.018550725,32,15.113516679
30-39,0.004637681,8,3.432121223
18-29,0.002318841,4,1.398420484
<18,0,0,0