Age Group Ten,SUM([Deaths]) / TOTAL(SUM([Deaths])),Deaths,Rates
80,0.520833333,775,1252.768213633
70-79,0.282258065,420,320.799248413
60-69,0.131720430,196,94.822039351
50-59,0.038306452,57,27.336162866
40-49,0.020833333,31,14.641219283
30-39,0.004704301,7,3.003106070
18-29,0.001344086,2,0.699210242
<18,0,0,0