Age Group Ten,SUM([Deaths]) / TOTAL(SUM([Deaths])),Deaths,Rates
80,0.546845124,286,462.311882709
70-79,0.258126195,135,103.114044133
60-69,0.131931166,69,33.381228139
50-59,0.036328872,19,9.112054289
40-49,0.021032505,11,5.195271358
30-39,0.003824092,2,0.858030306
18-29,0.001912046,1,0.349605121
<18,0,0,0