Age Group Ten,SUM([Deaths]) / TOTAL(SUM([Deaths])),Deaths,Rates
80,0.518252934,795,1285.097715921
70-79,0.282268579,433,330.728748959
60-69,0.132985658,204,98.692326672
50-59,0.040417210,62,29.734071889
40-49,0.020208605,31,14.641219283
30-39,0.004563233,7,3.003106070
18-29,0.001303781,2,0.699210242
<18,0,0,0