Age Group Ten,SUM([Deaths]) / TOTAL(SUM([Deaths])),Deaths,Rates
80,0.521739130,732,1183.259783716
70-79,0.278688525,391,298.648824118
60-69,0.132573058,186,89.984180201
50-59,0.039201711,55,26.376999257
40-49,0.021382751,30,14.168921887
30-39,0.004989309,7,3.003106070
18-29,0.001425517,2,0.699210242
<18,0,0,0