Age Group Ten,SUM([Deaths]) / TOTAL(SUM([Deaths])),Deaths,Rates
80,0.510405257,932,1506.554806589
70-79,0.289704272,529,404.054291454
60-69,0.133077766,243,117.559977359
50-59,0.039978094,73,35.009471741
40-49,0.018619934,34,16.058111472
30-39,0.005476451,10,4.290151528
18-29,0.002738226,5,1.748025605
<18,0,0,0