Age Group Ten,SUM([Deaths]) / TOTAL(SUM([Deaths])),Deaths,Rates
80,0.539893617,406,656.288896432
70-79,0.264627660,199,151.997739129
60-69,0.131648936,99,47.894805591
50-59,0.037234043,28,13.428290531
40-49,0.018617021,14,6.612163547
30-39,0.006648936,5,2.145075764
18-29,0.001329787,1,0.349605121
<18,0,0,0