Age Group Ten,SUM([Deaths]) / TOTAL(SUM([Deaths])),Deaths,Rates
80,0.518134715,800,1293.180091492
70-79,0.282383420,436,333.020172162
60-69,0.132124352,204,98.692326672
50-59,0.041450777,64,30.693235499
40-49,0.020077720,31,14.641219283
30-39,0.004533679,7,3.003106070
18-29,0.001295337,2,0.699210242
<18,0,0,0