Age Group Ten,SUM([Deaths]) / TOTAL(SUM([Deaths])),Deaths,Rates
80,0.530177515,448,724.180851236
70-79,0.272189349,230,175.675778893
60-69,0.127810651,108,52.248878826
50-59,0.040236686,34,16.305781359
40-49,0.020118343,17,8.029055736
30-39,0.007100592,6,2.574090917
18-29,0.002366864,2,0.699210242
<18,0,0,0