Age Group Ten,SUM([Deaths]) / TOTAL(SUM([Deaths])),Deaths,Rates
80,0.511351351,946,1529.185458190
70-79,0.288648649,534,407.873330125
60-69,0.132972973,246,119.011335104
50-59,0.04,74,35.489053545
40-49,0.018378378,34,16.058111472
30-39,0.005405405,10,4.290151528
18-29,0.003243243,6,2.097630726
<18,0,0,0