Age Group Ten,SUM([Deaths]) / TOTAL(SUM([Deaths])),Deaths,Rates
80,0.514623522,827,1336.824919580
70-79,0.285003111,458,349.823942317
60-69,0.134411948,216,104.497757652
50-59,0.041692595,67,32.131980913
40-49,0.018668326,30,14.168921887
30-39,0.004355943,7,3.003106070
18-29,0.001244555,2,0.699210242
<18,0,0,0