Age Group Ten,SUM([Deaths]) / TOTAL(SUM([Deaths])),Deaths,Rates
80,0.509413068,920,1487.157105216
70-79,0.289590255,523,399.471445048
60-69,0.133444075,241,116.592405529
50-59,0.040420819,73,35.009471741
40-49,0.018826135,34,16.058111472
30-39,0.005537099,10,4.290151528
18-29,0.002768549,5,1.748025605
<18,0,0,0