Age Group Ten,SUM([Deaths]) / TOTAL(SUM([Deaths])),Deaths,Rates
80,0.517670157,791,1278.631815463
70-79,0.282068063,431,329.201133491
60-69,0.133507853,204,98.692326672
50-59,0.040575916,62,29.734071889
40-49,0.020287958,31,14.641219283
30-39,0.004581152,7,3.003106070
18-29,0.001308901,2,0.699210242
<18,0,0,0