Age Group Ten,SUM([Deaths]) / TOTAL(SUM([Deaths])),Deaths,Rates
80,0.525054466,723,1168.711507686
70-79,0.274509804,378,288.719323572
60-69,0.134350036,185,89.500394286
50-59,0.039941903,55,26.376999257
40-49,0.021060276,29,13.696624491
30-39,0.003631082,5,2.145075764
18-29,0.001452433,2,0.699210242
<18,0,0,0