Age Group Ten,SUM([Deaths]) / TOTAL(SUM([Deaths])),Deaths,Rates
80,0.5625,270,436.448280879
70-79,0.245833333,118,90.129312649
60-69,0.13125,63,30.478512649
50-59,0.0375,18,8.632472484
40-49,0.01875,9,4.250676566
30-39,0.004166667,2,0.858030306
18-29,0,0,0
<18,0,0,0