Age Group Ten,SUM([Deaths]) / TOTAL(SUM([Deaths])),Deaths,Rates
80,0.526401300,648,1047.475874109
70-79,0.277010561,341,260.458437402
60-69,0.132412673,163,78.857104154
50-59,0.038180341,47,22.540344819
40-49,0.019496344,24,11.335137509
30-39,0.004874086,6,2.574090917
18-29,0.001624695,2,0.699210242
<18,0,0,0