Age Group Ten,SUM([Deaths]) / TOTAL(SUM([Deaths])),Deaths,Rates
80,0.526315789,710,1147.697331200
70-79,0.273535953,369,281.845053963
60-69,0.134173462,181,87.565250625
50-59,0.040029652,54,25.897417452
40-49,0.020756116,28,13.224327094
30-39,0.003706449,5,2.145075764
18-29,0.001482580,2,0.699210242
<18,0,0,0