Age Group Ten,% of Total Deaths,Deaths,Rates
80+,66.666666667%,58,96.871711790
70-79,19.540229885%,17,13.724730349
60-69,11.494252874%,10,4.980402118
50-59,2.298850575%,2,0.966832801
40-49,0%,0,0
30-39,0%,0,0
18-29,0%,0,0
<18,0%,0,0
