Age Group Ten,SUM([Deaths]) / TOTAL(SUM([Deaths])),Deaths,Rates
80,0.530678149,493,796.922231382
70-79,0.274488698,255,194.770972251
60-69,0.125941873,117,56.602952062
50-59,0.039827772,37,17.744526773
40-49,0.020452099,19,8.973650528
30-39,0.006458558,6,2.574090917
18-29,0.002152853,2,0.699210242
<18,0,0,0