Age Group Ten,SUM([Deaths]) / TOTAL(SUM([Deaths])),Deaths,Rates
80,0.509560724,986,1593.844462764
70-79,0.290956072,563,430.023754421
60-69,0.132816537,257,124.332980170
50-59,0.040310078,78,37.407380764
40-49,0.018087855,35,16.530408868
30-39,0.005167959,10,4.290151528
18-29,0.003100775,6,2.097630726
<18,0,0,0