Age Group Ten,SUM([Deaths]) / TOTAL(SUM([Deaths])),Deaths,Rates
80,0.513384890,863,1395.018023698
70-79,0.286139203,481,367.391520207
60-69,0.135038667,227,109.819402718
50-59,0.040452112,68,32.611562717
40-49,0.019036288,32,15.113516679
30-39,0.004164188,7,3.003106070
18-29,0.001784652,3,1.048815363
<18,0,0,0