Age Group Ten,SUM([Deaths]) / TOTAL(SUM([Deaths])),Deaths,Rates
80,0.508351893,913,1475.841779416
70-79,0.290645880,522,398.707637314
60-69,0.133073497,239,115.624833699
50-59,0.040645880,73,35.009471741
40-49,0.018930958,34,16.058111472
30-39,0.005567929,10,4.290151528
18-29,0.002783964,5,1.748025605
<18,0,0,0