Age Group Ten,SUM([Deaths]) / TOTAL(SUM([Deaths])),Deaths,Rates
80,0.511835876,973,1572.830286278
70-79,0.288269332,548,418.566638406
60-69,0.132561810,252,121.914050594
50-59,0.040504997,77,36.927798959
40-49,0.018411362,35,16.530408868
30-39,0.005260389,10,4.290151528
18-29,0.003156234,6,2.097630726
<18,0,0,0