Age Group Ten,SUM([Deaths]) / TOTAL(SUM([Deaths])),Deaths,Rates
80,0.543720191,342,552.834489113
70-79,0.248012719,156,119.154006553
60-69,0.138314785,87,42.089374610
50-59,0.038155803,24,11.509963312
40-49,0.022257552,14,6.612163547
30-39,0.007949126,5,2.145075764
18-29,0.001589825,1,0.349605121
<18,0,0,0