Age Group Ten,SUM([Deaths]) / TOTAL(SUM([Deaths])),Deaths,Rates
80,0.512492737,882,1425.731050870
70-79,0.286461360,493,376.557213018
60-69,0.134805346,232,112.238332293
50-59,0.040674027,70,33.570726327
40-49,0.018593841,32,15.113516679
30-39,0.004648460,8,3.432121223
18-29,0.002324230,4,1.398420484
<18,0,0,0