Age Group Ten,% of Total Deaths,Deaths,Rates
80+,62.745098039%,64,106.892923354
70-79,20.588235294%,21,16.954078667
60-69,13.725490196%,14,6.972562965
50-59,2.941176471%,3,1.450249201
40-49,0%,0,0
30-39,0%,0,0
18-29,0%,0,0
<18,0%,0,0
