Age Group Ten,SUM([Deaths]) / TOTAL(SUM([Deaths])),Deaths,Rates
80,0.531286895,450,727.413801465
70-79,0.270365998,229,174.911971159
60-69,0.128689492,109,52.732664741
50-59,0.040141677,34,16.305781359
40-49,0.020070838,17,8.029055736
30-39,0.007083825,6,2.574090917
18-29,0.002361275,2,0.699210242
<18,0,0,0