Age Group Ten,% of Total Deaths,Deaths,Rates
80+,62.328767123%,91,147.099235407
70-79,20.547945205%,30,22.914232030
60-69,12.328767123%,18,8.708146471
50-59,3.424657534%,5,2.397909023
40-49,1.369863014%,2,0.944594792
30-39,0%,0,0
18-29,0%,0,0
<18,0%,0,0
