Age Group Ten,SUM([Deaths]) / TOTAL(SUM([Deaths])),Deaths,Rates
80,0.515399120,820,1325.509593780
70-79,0.284726587,453,346.004903646
60-69,0.133878064,213,103.046399907
50-59,0.040854808,65,31.172817303
40-49,0.019484601,31,14.641219283
30-39,0.004399749,7,3.003106070
18-29,0.001257071,2,0.699210242
<18,0,0,0