Age Group Ten,% of Total Deaths,Deaths,Rates
80+,62.135922330%,64,106.892923354
70-79,21.359223301%,22,17.761415746
60-69,13.592233010%,14,6.972562965
50-59,2.912621359%,3,1.450249201
40-49,0%,0,0
30-39,0%,0,0
18-29,0%,0,0
<18,0%,0,0
