Age Group Ten,SUM([Deaths]) / TOTAL(SUM([Deaths])),Deaths,Rates
80,0.514355528,842,1361.072046296
70-79,0.286499695,469,358.225827395
60-69,0.133170434,218,105.465329482
50-59,0.041539401,68,32.611562717
40-49,0.018937080,31,14.641219283
30-39,0.004276115,7,3.003106070
18-29,0.001221747,2,0.699210242
<18,0,0,0