Age Group Ten,SUM([Deaths]) / TOTAL(SUM([Deaths])),Deaths,Rates
80,0.528055342,687,1110.518403569
70-79,0.272098386,354,270.387937948
60-69,0.135280553,176,85.146321050
50-59,0.039969254,52,24.938253843
40-49,0.019215988,25,11.807434906
30-39,0.003843198,5,2.145075764
18-29,0.001537279,2,0.699210242
<18,0,0,0