Age Group Ten,SUM([Deaths]) / TOTAL(SUM([Deaths])),Deaths,Rates
80,0.537555228,365,590.013416743
70-79,0.254786451,173,132.138738037
60-69,0.139911635,95,45.959661930
50-59,0.038291605,26,12.469126921
40-49,0.020618557,14,6.612163547
30-39,0.007363770,5,2.145075764
18-29,0.001472754,1,0.349605121
<18,0,0,0