Age Group Ten,SUM([Deaths]) / TOTAL(SUM([Deaths])),Deaths,Rates
80,0.542757417,311,502.723760568
70-79,0.254799302,146,111.515929210
60-69,0.136125654,78,37.735301374
50-59,0.036649215,21,10.071217898
40-49,0.022687609,13,6.139866151
30-39,0.005235602,3,1.287045458
18-29,0.001745201,1,0.349605121
<18,0,0,0