Age Group Ten,SUM([Deaths]) / TOTAL(SUM([Deaths])),Deaths,Rates
80,0.542016807,387,625.575869259
70-79,0.257703081,184,140.540623114
60-69,0.135854342,97,46.927233761
50-59,0.036414566,26,12.469126921
40-49,0.019607843,14,6.612163547
30-39,0.007002801,5,2.145075764
18-29,0.001400560,1,0.349605121
<18,0,0,0