Age Group Ten,Deaths 的总计 %,Deaths,Rates
80+,64.864864865%,48,80.169692516
70-79,20.270270270%,15,12.110056191
60-69,12.162162162%,9,4.482361906
50-59,2.702702703%,2,0.966832801
40-49,0%,0,0
30-39,0%,0,0
18-29,0%,0,0
<18,0%,0,0
