Age Group Ten,SUM([Deaths]) / TOTAL(SUM([Deaths])),Deaths,Rates
80,0.537335286,367,593.246366972
70-79,0.256222548,175,133.666353505
60-69,0.139092240,95,45.959661930
50-59,0.038067350,26,12.469126921
40-49,0.020497804,14,6.612163547
30-39,0.007320644,5,2.145075764
18-29,0.001464129,1,0.349605121
<18,0,0,0