Age Group Ten,SUM([Deaths]) / TOTAL(SUM([Deaths])),Deaths,Rates
80,0.530023095,459,741.962077494
70-79,0.273672055,237,181.022433033
60-69,0.127020785,110,53.216450656
50-59,0.040415704,35,16.785363163
40-49,0.019630485,17,8.029055736
30-39,0.006928406,6,2.574090917
18-29,0.002309469,2,0.699210242
<18,0,0,0