Age Group Ten,SUM([Deaths]) / TOTAL(SUM([Deaths])),Deaths,Rates
80,0.511442257,961,1553.432584905
70-79,0.289515700,544,415.511407469
60-69,0.132517296,249,120.462692849
50-59,0.039382650,74,35.489053545
40-49,0.018626929,35,16.530408868
30-39,0.005321980,10,4.290151528
18-29,0.003193188,6,2.097630726
<18,0,0,0