Age Group Ten,% of Total Deaths,Deaths,Rates
80+,62.280701754%,71,114.769733120
70-79,21.052631579%,24,18.331385624
60-69,13.157894737%,15,7.256788726
50-59,2.631578947%,3,1.438745414
40-49,0.877192982%,1,0.472297396
30-39,0%,0,0
18-29,0%,0,0
<18,0%,0,0
