Age Group Ten,SUM([Deaths]) / TOTAL(SUM([Deaths])),Deaths,Rates
80,0.511945392,900,1454.827602929
70-79,0.287827076,506,386.486713564
60-69,0.134812287,237,114.657261868
50-59,0.039817975,70,33.570726327
40-49,0.018771331,33,15.585814075
30-39,0.004550626,8,3.432121223
18-29,0.002275313,4,1.398420484
<18,0,0,0