Age Group Ten,SUM([Deaths]) / TOTAL(SUM([Deaths])),Deaths,Rates
80,0.534450652,574,927.856715646
70-79,0.272811918,293,223.795666155
60-69,0.129422719,139,67.246242193
50-59,0.036312849,39,18.703690382
40-49,0.019553073,21,9.918245321
30-39,0.005586592,6,2.574090917
18-29,0.001862197,2,0.699210242
<18,0,0,0