Age Group Ten,SUM([Deaths]) / TOTAL(SUM([Deaths])),Deaths,Rates
80,0.534501643,488,788.839855810
70-79,0.272727273,249,190.188125845
60-69,0.124863089,114,55.151594316
50-59,0.039430449,36,17.264944968
40-49,0.019715225,18,8.501353132
30-39,0.006571742,6,2.574090917
18-29,0.002190581,2,0.699210242
<18,0,0,0