Age Group Ten,SUM([Deaths]) / TOTAL(SUM([Deaths])),Deaths,Rates
80,0.550695825,277,447.763606679
70-79,0.256461233,129,98.531197727
60-69,0.131212724,66,31.929870394
50-59,0.035785288,18,8.632472484
40-49,0.019880716,10,4.722973962
30-39,0.003976143,2,0.858030306
18-29,0.001988072,1,0.349605121
<18,0,0,0