Age Group Ten,% of Total Deaths,Deaths,Rates
80+,64.935064935%,50,83.510096371
70-79,20.779220779%,16,12.917393270
60-69,11.688311688%,9,4.482361906
50-59,2.597402597%,2,0.966832801
40-49,0%,0,0
30-39,0%,0,0
18-29,0%,0,0
<18,0%,0,0
