Age Group Ten,SUM([Deaths]) / TOTAL(SUM([Deaths])),Deaths,Rates
80,0.523676880,752,1215.589286003
70-79,0.277855153,399,304.759285993
60-69,0.132311978,190,91.919323861
50-59,0.038300836,55,26.376999257
40-49,0.021587744,31,14.641219283
30-39,0.004874652,7,3.003106070
18-29,0.001392758,2,0.699210242
<18,0,0,0