Age Group Ten,SUM([Deaths]) / TOTAL(SUM([Deaths])),Deaths,Rates
80,0.529929577,602,973.118018848
70-79,0.277288732,315,240.599436310
60-69,0.128521127,146,70.632743598
50-59,0.036971831,42,20.142435796
40-49,0.020246479,23,10.862840113
30-39,0.005281690,6,2.574090917
18-29,0.001760563,2,0.699210242
<18,0,0,0