Age Group Ten,SUM([Deaths]) / TOTAL(SUM([Deaths])),Deaths,Rates
80,0.508735868,990,1600.310363222
70-79,0.291366906,567,433.078985358
60-69,0.133093525,259,125.300552000
50-59,0.040596095,79,37.886962569
40-49,0.017985612,35,16.530408868
30-39,0.005138746,10,4.290151528
18-29,0.003083248,6,2.097630726
<18,0,0,0