Age Group Ten,SUM([Deaths]) / TOTAL(SUM([Deaths])),Deaths,Rates
80,0.527945619,699,1129.916104942
70-79,0.269637462,357,272.679361151
60-69,0.135196375,179,86.597678795
50-59,0.040785498,54,25.897417452
40-49,0.021148036,28,13.224327094
30-39,0.003776435,5,2.145075764
18-29,0.001510574,2,0.699210242
<18,0,0,0