Age Group Ten,Deaths 的总计 %,Deaths,Rates
80+,64.383561644%,47,78.499490588
70-79,20.547945205%,15,12.110056191
60-69,12.328767123%,9,4.482361906
50-59,2.739726027%,2,0.966832801
40-49,0%,0,0
30-39,0%,0,0
18-29,0%,0,0
<18,0%,0,0
