Age Group Ten,SUM([Deaths]) / TOTAL(SUM([Deaths])),Deaths,Rates
80,0.536231884,555,897.143688473
70-79,0.271497585,281,214.629973343
60-69,0.128502415,133,64.343526703
50-59,0.035748792,37,17.744526773
40-49,0.020289855,21,9.918245321
30-39,0.005797101,6,2.574090917
18-29,0.001932367,2,0.699210242
<18,0,0,0