Age Group Ten,% of Total Deaths,Deaths,Rates
80+,65.591397849%,61,101.882317572
70-79,20.430107527%,19,15.339404508
60-69,11.827956989%,11,5.478442329
50-59,2.150537634%,2,0.966832801
40-49,0%,0,0
30-39,0%,0,0
18-29,0%,0,0
<18,0%,0,0
