Age Group Ten,% of Total Deaths,Deaths,Rates
80+,61.864406780%,73,118.002683349
70-79,21.186440678%,25,19.095193358
60-69,12.711864407%,15,7.256788726
50-59,3.389830508%,4,1.918327219
40-49,0.847457627%,1,0.472297396
30-39,0%,0,0
18-29,0%,0,0
<18,0%,0,0
