Age Group Ten,% of Total Deaths,Deaths,Rates
80+,65.555555556%,59,98.541913717
70-79,21.111111111%,19,15.339404508
60-69,11.111111111%,10,4.980402118
50-59,2.222222222%,2,0.966832801
40-49,0%,0,0
30-39,0%,0,0
18-29,0%,0,0
<18,0%,0,0
