Age Group Ten,SUM([Deaths]) / TOTAL(SUM([Deaths])),Deaths,Rates
80,0.534516765,542,876.129511986
70-79,0.273175542,277,211.574742406
60-69,0.127218935,129,62.408383042
50-59,0.036489152,37,17.744526773
40-49,0.020710059,21,9.918245321
30-39,0.005917160,6,2.574090917
18-29,0.001972387,2,0.699210242
<18,0,0,0