Age Group Ten,SUM([Deaths]) / TOTAL(SUM([Deaths])),Deaths,Rates
80,0.534482759,434,701.550199635
70-79,0.270935961,220,168.037701550
60-69,0.128078818,104,50.313735166
50-59,0.039408867,32,15.346617749
40-49,0.018472906,15,7.084460943
30-39,0.006157635,5,2.145075764
18-29,0.002463054,2,0.699210242
<18,0,0,0