Age Group Ten,% of Total Deaths,Deaths,Rates
80+,63.157894737%,96,155.181610979
70-79,20.394736842%,31,23.678039764
60-69,11.842105263%,18,8.708146471
50-59,3.289473684%,5,2.397909023
40-49,1.315789474%,2,0.944594792
30-39,0%,0,0
18-29,0%,0,0
<18,0%,0,0
