Age Group Ten,SUM([Deaths]) / TOTAL(SUM([Deaths])),Deaths,Rates
80,0.528236316,608,982.816869534
70-79,0.277150304,319,243.654667247
60-69,0.131190269,151,73.051673174
50-59,0.036490009,42,20.142435796
40-49,0.019982624,23,10.862840113
30-39,0.005212858,6,2.574090917
18-29,0.001737619,2,0.699210242
<18,0,0,0