Age Group Ten,SUM([Deaths]) / TOTAL(SUM([Deaths])),Deaths,Rates
80,0.510660981,958,1548.583159562
70-79,0.289978678,544,415.511407469
60-69,0.132729211,249,120.462692849
50-59,0.039445629,74,35.489053545
40-49,0.018656716,35,16.530408868
30-39,0.005330490,10,4.290151528
18-29,0.003198294,6,2.097630726
<18,0,0,0