Age Group Ten,% of Total Deaths,Deaths,Rates
80+,63.888888889%,46,76.829288661
70-79,20.833333333%,15,12.110056191
60-69,12.5%,9,4.482361906
50-59,2.777777778%,2,0.966832801
40-49,0%,0,0
30-39,0%,0,0
18-29,0%,0,0
<18,0%,0,0
