Age Group Ten,SUM([Deaths]) / TOTAL(SUM([Deaths])),Deaths,Rates
80,0.511683643,854,1380.469747668
70-79,0.286998203,479,365.863904738
60-69,0.135410425,226,109.335616803
50-59,0.040742960,68,32.611562717
40-49,0.019173158,32,15.113516679
30-39,0.004194128,7,3.003106070
18-29,0.001797484,3,1.048815363
<18,0,0,0