Age Group Ten,% of Total Deaths,Deaths,Rates
80+,65.060240964%,54,90.190904080
70-79,20.481927711%,17,13.724730349
60-69,12.048192771%,10,4.980402118
50-59,2.409638554%,2,0.966832801
40-49,0%,0,0
30-39,0%,0,0
18-29,0%,0,0
<18,0%,0,0
