Age Group Ten,SUM([Deaths]) / TOTAL(SUM([Deaths])),Deaths,Rates
80,0.511542497,975,1576.063236506
70-79,0.289087093,551,420.858061609
60-69,0.132214061,252,121.914050594
50-59,0.040398741,77,36.927798959
40-49,0.018363064,35,16.530408868
30-39,0.005246590,10,4.290151528
18-29,0.003147954,6,2.097630726
<18,0,0,0