Age Group Ten,SUM([Deaths]) / TOTAL(SUM([Deaths])),Deaths,Rates
80,0.548323471,278,449.380081794
70-79,0.256410256,130,99.295005461
60-69,0.132149901,67,32.413656309
50-59,0.035502959,18,8.632472484
40-49,0.021696252,11,5.195271358
30-39,0.003944773,2,0.858030306
18-29,0.001972387,1,0.349605121
<18,0,0,0