Age Group Ten,SUM([Deaths]) / TOTAL(SUM([Deaths])),Deaths,Rates
80,0.524133243,771,1246.302313176
70-79,0.277362339,408,311.633555601
60-69,0.132562882,195,94.338253436
50-59,0.038749150,57,27.336162866
40-49,0.021074099,31,14.641219283
30-39,0.004758668,7,3.003106070
18-29,0.001359619,2,0.699210242
<18,0,0,0