Age Group Ten,SUM([Deaths]) / TOTAL(SUM([Deaths])),Deaths,Rates
80,0.508188332,993,1605.159788565
70-79,0.291197544,569,434.606600826
60-69,0.134083930,262,126.751909745
50-59,0.040429887,79,37.886962569
40-49,0.017911975,35,16.530408868
30-39,0.005117707,10,4.290151528
18-29,0.003070624,6,2.097630726
<18,0,0,0