Age Group Ten,SUM([Deaths]) / TOTAL(SUM([Deaths])),Deaths,Rates
80,0.545909850,327,528.587362398
70-79,0.248747913,149,113.807352413
60-69,0.136894825,82,39.670445035
50-59,0.036727880,22,10.550799703
40-49,0.021702838,13,6.139866151
30-39,0.008347245,5,2.145075764
18-29,0.001669449,1,0.349605121
<18,0,0,0