Age Group Ten,% of Total Deaths,Deaths,Rates
80+,64.556962025%,51,85.180298298
70-79,21.518987342%,17,13.724730349
60-69,11.392405063%,9,4.482361906
50-59,2.531645570%,2,0.966832801
40-49,0%,0,0
30-39,0%,0,0
18-29,0%,0,0
<18,0%,0,0
