Age Group Ten,SUM([Deaths]) / TOTAL(SUM([Deaths])),Deaths,Rates
80,0.52890625,677,1094.353652426
70-79,0.275,352,268.860322480
60-69,0.13203125,169,81.759819645
50-59,0.0390625,50,23.979090233
40-49,0.01953125,25,11.807434906
30-39,0.00390625,5,2.145075764
18-29,0.0015625,2,0.699210242
<18,0,0,0