Age Group Ten,SUM([Deaths]) / TOTAL(SUM([Deaths])),Deaths,Rates
80,0.510108865,984,1590.611512536
70-79,0.290824261,561,428.496138952
60-69,0.132711249,256,123.849194255
50-59,0.039917055,77,36.927798959
40-49,0.018144116,35,16.530408868
30-39,0.005184033,10,4.290151528
18-29,0.003110420,6,2.097630726
<18,0,0,0