Age Group Ten,SUM([Deaths]) / TOTAL(SUM([Deaths])),Deaths,Rates
80,0.531786075,527,851.882385271
70-79,0.275479314,273,208.519511469
60-69,0.126135217,125,60.473239382
50-59,0.037336024,37,17.744526773
40-49,0.021190716,21,9.918245321
30-39,0.006054490,6,2.574090917
18-29,0.002018163,2,0.699210242
<18,0,0,0