Age Group Ten,SUM([Deaths]) / TOTAL(SUM([Deaths])),Deaths,Rates
80,0.512923607,893,1443.512277128
70-79,0.286616887,499,381.140059424
60-69,0.134979897,235,113.689690038
50-59,0.039632395,69,33.091144522
40-49,0.018954624,33,15.585814075
30-39,0.004595060,8,3.432121223
18-29,0.002297530,4,1.398420484
<18,0,0,0