Age Group Ten,SUM([Deaths]) / TOTAL(SUM([Deaths])),Deaths,Rates
80,0.527798934,693,1120.217254255
70-79,0.271896420,357,272.679361151
60-69,0.134805788,177,85.630106965
50-59,0.039603960,52,24.938253843
40-49,0.020563595,27,12.752029698
30-39,0.003808073,5,2.145075764
18-29,0.001523229,2,0.699210242
<18,0,0,0