Age Group Ten,SUM([Deaths]) / TOTAL(SUM([Deaths])),Deaths,Rates
80,0.540925267,304,491.408434767
70-79,0.256227758,144,109.988313742
60-69,0.138790036,78,37.735301374
50-59,0.035587189,20,9.591636093
40-49,0.021352313,12,5.667568755
30-39,0.005338078,3,1.287045458
18-29,0.001779359,1,0.349605121
<18,0,0,0