Age Group Ten,% of Total Deaths,Deaths,Rates
80+,66.304347826%,61,101.882317572
70-79,20.652173913%,19,15.339404508
60-69,10.869565217%,10,4.980402118
50-59,2.173913043%,2,0.966832801
40-49,0%,0,0
30-39,0%,0,0
18-29,0%,0,0
<18,0%,0,0
