Age Group Ten,SUM([Deaths]) / TOTAL(SUM([Deaths])),Deaths,Rates
80,0.511827957,952,1538.884308876
70-79,0.287634409,535,408.637137860
60-69,0.133870968,249,120.462692849
50-59,0.039784946,74,35.489053545
40-49,0.018279570,34,16.058111472
30-39,0.005376344,10,4.290151528
18-29,0.003225806,6,2.097630726
<18,0,0,0