Age Group Ten,SUM([Deaths]) / TOTAL(SUM([Deaths])),Deaths,Rates
80,0.533091568,588,950.487367247
70-79,0.275611967,304,232.197551232
60-69,0.128739801,142,68.697599938
50-59,0.036264733,40,19.183272187
40-49,0.019038985,21,9.918245321
30-39,0.005439710,6,2.574090917
18-29,0.001813237,2,0.699210242
<18,0,0,0