Age Group Ten,SUM([Deaths]) / TOTAL(SUM([Deaths])),Deaths,Rates
80,0.563559322,266,429.982380421
70-79,0.247881356,117,89.365504915
60-69,0.127118644,60,29.027154903
50-59,0.038135593,18,8.632472484
40-49,0.019067797,9,4.250676566
30-39,0.004237288,2,0.858030306
18-29,0,0,0
<18,0,0,0