Age Group Ten,SUM([Deaths]) / TOTAL(SUM([Deaths])),Deaths,Rates
80,0.536340852,428,691.851348948
70-79,0.270676692,216,164.982470612
60-69,0.127819549,102,49.346163336
50-59,0.037593985,30,14.387454140
40-49,0.018796992,15,7.084460943
30-39,0.006265664,5,2.145075764
18-29,0.002506266,2,0.699210242
<18,0,0,0