Age Group Ten,% of Total Deaths,Deaths,Rates
80+,65.432098765%,53,88.520702153
70-79,20.987654321%,17,13.724730349
60-69,11.111111111%,9,4.482361906
50-59,2.469135802%,2,0.966832801
40-49,0%,0,0
30-39,0%,0,0
18-29,0%,0,0
<18,0%,0,0
