Age Group Ten,SUM([Deaths]) / TOTAL(SUM([Deaths])),Deaths,Rates
80,0.546875,280,452.613032022
70-79,0.259765625,133,101.586428664
60-69,0.130859375,67,32.413656309
50-59,0.03515625,18,8.632472484
40-49,0.021484375,11,5.195271358
30-39,0.00390625,2,0.858030306
18-29,0.001953125,1,0.349605121
<18,0,0,0