Age Group Ten,SUM([Deaths]) / TOTAL(SUM([Deaths])),Deaths,Rates
80,0.516709512,804,1299.645991950
70-79,0.282133676,439,335.311595365
60-69,0.132390746,206,99.659898502
50-59,0.042416452,66,31.652399108
40-49,0.020565553,32,15.113516679
30-39,0.004498715,7,3.003106070
18-29,0.001285347,2,0.699210242
<18,0,0,0