Age Group Ten,SUM([Deaths]) / TOTAL(SUM([Deaths])),Deaths,Rates
80,0.511627907,968,1564.747910706
70-79,0.289112051,547,417.802830671
60-69,0.131606765,249,120.462692849
50-59,0.040697674,77,36.927798959
40-49,0.018498943,35,16.530408868
30-39,0.005285412,10,4.290151528
18-29,0.003171247,6,2.097630726
<18,0,0,0