Age Group Ten,SUM([Deaths]) / TOTAL(SUM([Deaths])),Deaths,Rates
80,0.547058824,279,450.996556908
70-79,0.258823529,132,100.822620930
60-69,0.131372549,67,32.413656309
50-59,0.035294118,18,8.632472484
40-49,0.021568627,11,5.195271358
30-39,0.003921569,2,0.858030306
18-29,0.001960784,1,0.349605121
<18,0,0,0