Age Group Ten,SUM([Deaths]) / TOTAL(SUM([Deaths])),Deaths,Rates
80,0.542819499,412,665.987747119
70-79,0.263504611,200,152.761546863
60-69,0.130434783,99,47.894805591
50-59,0.036890646,28,13.428290531
40-49,0.018445323,14,6.612163547
30-39,0.006587615,5,2.145075764
18-29,0.001317523,1,0.349605121
<18,0,0,0