Age Group Ten,% of Total Deaths,Deaths,Rates
80+,61.594202899%,85,137.400384721
70-79,21.739130435%,30,22.914232030
60-69,11.594202899%,16,7.740574641
50-59,3.623188406%,5,2.397909023
40-49,1.449275362%,2,0.944594792
30-39,0%,0,0
18-29,0%,0,0
<18,0%,0,0
