Age Group Ten,SUM([Deaths]) / TOTAL(SUM([Deaths])),Deaths,Rates
80,0.542124542,296,478.476633852
70-79,0.260073260,142,108.460698273
60-69,0.135531136,74,35.800157714
50-59,0.034798535,19,9.112054289
40-49,0.021978022,12,5.667568755
30-39,0.003663004,2,0.858030306
18-29,0.001831502,1,0.349605121
<18,0,0,0